type,name,ptr
model,hash_268a789037a944,273ba0ec5a8
model,hash_ea24c21d252e3e,273ba0ec998
model,hash_108124c2c8ab039,273ba0ecc38
model,hash_1e637d8d12badd6,273ba0eced8
model,hash_1f0fb3691799287,273b9ffc2a8
model,hash_2203f736fb2472b,273ba00bea8
model,p8_food_fruit_kiwi,273ba00b578
model,hash_3184b5b515947e3,273ba04b688
model,p8_mp_bomb_crate_palette,273ba05fc08
model,hash_5ce423f362b5b0e,273ba04c8e8
model,hash_5d3e7234c70bc40,273ba0ed6b8
model,hash_62e5b88a7f344dc,273ba01a308
model,hash_6375ac36f8de38e,273ba029db8
model,hash_79299f54082c080,273ba03d8b8
model,hash_79ee71aa19f5ff7,273ba01c678
model,hash_7a6f58065dd8534,273ba021e68
model,hash_7a6f88065dd8a4d,273ba025ac8
model,hash_7c073bf81da48e3,273ba023218
model,p7_fxp_debris_dirt_clod_03_brown,273ba061b88
model,hash_7d6f3638e451e73,273ba0edd48
model,hash_7e80efab2393ff4,273ba0ede98
model,hash_814d1d31f06421f,273ba000058
model,hash_96819d636653406,273ba0ee138
model,hash_9d0e62691140780,273ba029b18
model,hash_a0c30c73b56c4d3,273ba029c68
model,hash_a2372fa1df70d0d,273ba003e08
model,hash_a6f8cd4f0ce88b6,273ba0574d8
model,hash_ac6124b182f35ff,273ba0ee678
model,hash_b448b3bd36cd6b7,273ba034af8
model,hash_b448c3bd36cd86a,273ba0413c8
model,hash_b55834e1933d71a,273ba043888
model,hash_bfe18beaea8b435,273ba0eea68
model,p7_fxp_debris_metal_scrap_01,273ba002518
model,p7_fxp_debris_metal_scrap_02,273ba002668
model,hash_c9b48ea17d34a73,273ba032248
model,hash_d077e4850a56ae0,273ba04aff8
model,hash_d07804850a56e46,273ba043348
model,hash_d72f15ddc1ffa07,273ba04dde8
model,hash_e5564285a2c7d93,273ba0ef248
model,hash_e5ac3e2e6de4a0b,273ba0ef398
model,hash_e9816f4c909d0b7,273ba0ef788
model,hash_f01b3cbe3067a06,273ba0ef8d8
model,hash_f410a9d7c166067,273ba046bb8
model,hash_f410b9d7c16621a,273ba001be8
model,hash_10015a7c291ce2cf,273ba0efb78
model,hash_11366a0e11fc7282,273ba0f00b8
model,p8_food_vegetable_carrot,273ba002278
model,hash_1264e8bcd5416035,273ba0f0358
model,p8_food_vegetable_corn,273ba058738
model,hash_12f40bb118f32536,273ba0f04a8
model,hash_1455387b0e99aeae,273ba056cf8
model,hash_14fece19d34502e6,273ba0167f8
model,hash_15344706884b717c,273ba005068
model,hash_1643a06625d02483,273ba006fe8
model,hash_164409d1d31cb38a,273ba0f0c88
model,hash_1672953341b1ec8a,273b9fff488
model,hash_17110eee3d25286d,273ba037108
model,hash_17289b8a2643b33d,273ba008a28
model,hash_195ead91a7e167f3,273ba045bf8
model,hash_1974b6f45759d0fb,273ba051ce8
model,hash_1974b7f45759d2ae,273ba00c3e8
model,hash_1974b8f45759d461,273ba02edc8
model,hash_1974b9f45759d614,273ba01f318
model,hash_1974baf45759d7c7,273ba00e608
model,hash_1980b5ee60c89c25,273ba045418
model,c_t7_mp_battery_mpc_fb1_skin1,273ba053878
model,hash_1a3e18462cb3d3b0,273ba0f15b8
model,hash_1a4f1621aec78f90,273ba055fd8
model,hash_1ac8ee641562ffc1,273ba0f1858
model,hash_1b68fc9b8f21d7d4,273ba013768
model,hash_1b7dacfc56db2673,273ba02df58
model,hash_1c3a0b7e15ae685e,273ba059308
model,hash_1c938b9292d19963,273ba0330b8
model,p7_cup_coffee_mug_01,273b9fff728
model,hash_1d0935483667c9f5,273ba0f1d98
model,hash_1d284a1172808c08,273ba04d4b8
model,hash_1d56100034b8a54d,273ba0f1ee8
model,hash_1d5b5307ce6d83ea,273ba0f2038
model,hash_1e2e8b00119962e5,273ba0f22d8
model,hash_1eed89e4bcf6f20d,273ba0f2428
model,hash_1f26ea6ba0542596,273ba0518f8
model,hash_1f55b45b5182b674,273ba056f98
model,hash_1fbd42bceabd7473,273ba0256d8
model,hash_1fcaaaaedb49d0b7,273ba0f2818
model,hash_1fd1c6efc21c8c33,273ba001948
model,hash_1ff59ccff3e47bf2,273ba0f2ab8
model,hash_2007c9218842bbfa,273ba0f2d58
model,hash_20489bb285c9f3b0,273ba0084e8
model,hash_207e015e903f85d7,273ba023c98
model,hash_20958f82e106e6c2,273ba02fc38
model,fx_decal_burnt_paper,273ba054d78
model,hash_20eccf9b6e2f810a,273ba0402b8
model,p8_spa_bucket_metal_01,273ba0188c8
model,hash_2130c799a0472aa3,273ba0f2ff8
model,p7_books_office_row_01,273ba04ccd8
model,hash_21ac4f6c466e3175,273ba0f3298
model,p8_mp_bomb_crate_open,273ba06f418
model,hash_228b0b9203602358,273ba0f3538
model,p8_mp_bomb_crate_single,273ba06f6b8
model,hash_22f60a5d2b2eaf92,273ba0f3928
model,p7_debris_trash_bottle_water_02,273ba0f3a78
model,hash_23dc1e285b165b31,273ba044458
model,hash_23dc21285b16604a,273ba04f048
model,p7_glassware_whiskey_01,273ba00bab8
model,p8_fxp_fluid_splash_blood,273b9ed2e28
model,hash_246136c33ccbd67e,273ba02a598
model,hash_24a72ed79f7b9870,273ba02cba8
model,hash_24bfc79d50398200,273ba0f3e68
model,hash_2537c36ba3d72b29,273ba0f4108
model,p8_food_jar_oil_olive_full,273ba0f43a8
model,hash_27570ec40ae5c05d,273ba0720b8
model,hash_27a2909b051c5cf0,273ba036bc8
model,hash_27c421732728644c,273ba009748
model,hash_28030d115bc4eef3,273ba0f48e8
model,hash_282c292188b1cf55,273ba058c78
model,hash_2836e455a0d1d95a,273ba032788
model,hash_28e9aad890b12745,273ba0474e8
model,hash_2a8593bc99d3a940,273ba042e08
model,hash_2a9fa7efc8559540,273ba0f4e28
model,hash_2ad8928c8cd499dc,273ba0f4f78
model,hash_2b088f721be4a65f,273ba03a438
model,hash_2b0890721be4a812,273ba00e218
model,hash_2b4a80360c77d514,273ba032638
model,hash_2baa756538484cec,273ba009208
model,hash_2c27dc6657546af2,273ba00b038
model,hash_2c2f35fc71d71bb0,273ba03ad68
model,hash_2c2ffb9209569cae,273b9ffff08
model,hash_2c8c7c2a10f28200,273ba0f5608
model,hash_2cc7f7112751900f,273ba002cf8
model,hash_2d1334ef4a2ae448,273ba074ff8
model,hash_2d2944fd0f3ca0d7,273ba0f58a8
model,hash_2d70f07f3c05f676,273ba0531e8
model,hash_2d95abfa0eed5e4a,273ba0395c8
model,hash_2dc920f39cf4a19e,273ba00d8e8
model,hash_2e278d0f728893d8,273ba0f5c98
model,hash_2e3ecd670c54c8c9,273ba0f5de8
model,hash_2e55476c7c5993a5,273ba0324e8
model,hash_2f039de4d1c92cc1,273ba03be78
model,hash_2f26060a46df0e15,273ba04e1d8
model,hash_2f2e3320911935c0,273ba0399b8
model,hash_2f2e362091193ad9,273ba048dd8
model,hash_307cccda4746adaf,273ba0f65c8
model,hash_30d982dbf3232d98,273ba026a88
model,p8_food_fruit_apple,273ba00de28
model,hash_314dd689dcf20154,273ba01b6b8
model,hash_3172ead40a347816,273ba04ca38
model,p7_mou_snow_chunk_01,273ba0779f8
model,p7_mou_snow_chunk_04,273ba077b48
model,hash_3209d1626b783e53,273ba030568
model,hash_32431f8f1d803111,273ba0f6da8
model,p8_bottle_plastic_soap_01,273ba054c28
model,p8_food_dinnerware_cup_coffee,273ba03b698
model,p8_computer_classroom_mouse,273ba0556a8
model,hash_32f77af59a8d0c30,273ba0f7198
model,hash_3389c221f81ed1a4,273ba033b38
model,p7_dinnerware_01_spoon,273ba0f7828
model,hash_3411f9b461804ea6,273ba0f7ac8
model,hash_3418216cc5b78e6b,273ba0406a8
model,hash_34983edd1e3ef576,273ba0796d8
model,hash_351d75730214b78d,273ba0f7d68
model,hash_357a24fa62fd16fc,273ba0349a8
model,hash_3661d34325a99c1e,273ba053db8
model,hash_3775329865f68acf,273ba07b658
model,hash_378696abc62d48ef,273ba042628
model,hash_378697abc62d4aa2,273ba047cc8
model,p8_fxp_fluid_droplet_blood,273b9f0a568
model,p7_ban_debris_trash_can_cola_01,273ba01e4a8
model,hash_386c3c7fd59316b8,273ba016408
model,hash_386c3f7fd5931bd1,273ba0095f8
model,hash_3925a39b28c99113,273ba0f87e8
model,hash_39462e8c6b0d666a,273ba04d0c8
model,hash_395422a17a7072ac,273ba0f8a88
model,hash_3996daf1906aff04,273ba0f8bd8
model,hash_39d5c8b49d926a92,273ba021928
model,hash_39fcc7deb91a9d59,273ba0f8e78
model,hash_3a97953ede615325,273ba0016a8
model,hash_3b255669929e656d,273ba0f9268
model,hash_3c1f4806b89999c4,273ba012a48
model,hash_3c1f4b06b8999edd,273ba050a88
model,p7_gib_chunk_flesh_01,273b9f19ad8
model,p7_gib_chunk_flesh_03,273b9f19c28
model,p7_gib_chunk_flesh_02,273b9f19d78
model,hash_3c85b73d7e5379dd,273ba01d398
model,hash_3ce707955451b3ed,273ba0f97a8
model,hash_3d417c99f7215325,273ba00c7d8
model,hash_3d5361b256f7656e,273ba030418
model,hash_3d5e282f3fcb6769,273ba0f98f8
model,hash_3d6dc51332f30cbc,273ba00bd58
model,hash_3d8b9b9be9945539,273ba0f9a48
model,hash_3dbaeb748212fd69,273ba047a28
model,p8_fxp_fluid_tendril_1_water,273b9f1fe98
model,hash_3e82d36cb25500ed,273ba001168
model,hash_3e8f5bc5d3b78c71,273ba03f1a8
model,hash_3eb1fdf04086bd95,273ba014338
model,hash_3ee2f69e0bc272cd,273ba00b6c8
model,c_t7_mp_technomancer_mpc_fb1_skin1,273ba04d8a8
model,hash_3f0a16bb9e9060f0,273ba05fab8
model,hash_401258ee236896a8,273ba0f9f88
model,p7_cup_coffee_paper,273ba0985a8
model,p7_gib_chunk_bone_01,273b9f27218
model,p7_gib_chunk_bone_03,273b9f27368
model,p7_gib_chunk_bone_02,273b9f274b8
model,hash_413878cf6cd89b2c,273ba08abc8
model,hash_41b43b4296b324fd,273ba0714e8
model,hash_42fa6a2c4de7dac2,273ba0707c8
model,hash_431ca9cc4e757e33,273ba085918
model,p8_cas_poker_chip_02,273ba067b58
model,p8_cas_poker_chip_01,273ba062758
model,c_t7_mp_warrior_mpc_fb1_skin1,273ba06ddc8
model,hash_447f41ecc0269efb,273ba0fa378
model,p7_trash_bin_small_01_blue,273ba05f968
model,hash_45cb541128ad186a,273ba0fa768
model,hash_45f534e101edd727,273ba07b268
model,hash_465bc72d58b6a0b0,273ba092b18
model,hash_468f02b2c8af3543,273ba080a58
model,hash_47e2a6e986ba4133,273ba0646d8
model,p7_food_fruit_pineapple_01b_dmg,273ba0faca8
model,hash_48652a7c63e8c068,273ba099418
model,hash_48852ef99d762359,273ba0fadf8
model,p8_mp_bomb_crate_whole_destroyed,273ba069058
model,hash_496279130443f7cc,273ba0931a8
model,hash_49f441830623231a,273ba09e968
model,hash_4a23e2c483769158,273ba06b908
model,hash_4a7287d4240b3823,273ba092098
model,hash_4b06c8a92b87365b,273ba08b258
model,hash_4b27874e60bde904,273ba06a948
model,p7_fxp_debris_dirt_clod_01_brown,273b9f48d88
model,hash_4c8f2432505f93ca,273ba0ac498
model,hash_4cf0491bc0b4e3d5,273ba0fbf08
model,hash_4d06762e31a56658,273ba0fc058
model,hash_4d067b2e31a56ed7,273ba0fc1a8
model,hash_4d067c2e31a5708a,273ba0fc2f8
model,hash_4d067d2e31a5723d,273ba0fc448
model,hash_4d22bd7161c5fc21,273ba0fc598
model,hash_4d4f73a49688d33c,273b9f4d9a8
model,fx_char_gib_chunk_bone03,273b9f4daf8
model,hash_4d4f76a49688d855,273b9f4dc48
model,p7_debris_trash_cup_coffee_02,273ba0ad068
model,hash_4dcc5fed0e1e4902,273ba0fcad8
model,hash_4de8dd5cb05209c9,273ba0ad1b8
model,p8_computer_classroom_keyboard,273ba0ad848
model,hash_4f0599755c3c355a,273ba0aefe8
model,hash_4f57bff3d7989470,273ba0af3d8
model,hash_4f9845e6bc3a7426,273ba0af918
model,hash_504569e8b97673d7,273ba0b0638
model,hash_508c6e35508f6f36,273ba0b0e18
model,hash_51e88f736bb819d4,273ba0b2858
model,hash_52b0e7665e9a2b90,273ba0b3ea8
model,hash_52c99d5b8b06d895,273ba0fd408
model,hash_52d200ed834c34ec,273ba0b3ff8
model,p8_wz_supply_stash_health,273ba0b5108
model,p8_sun_hat_05,273ba0b54f8
model,p8_sun_hat_03,273ba0b5648
model,p8_sun_hat_02,273ba0b5798
model,hash_5417c3c92ba8a600,273ba0fd948
model,wpn_t8_eqp_briefcase_bomb_stow,273ba0b5a38
model,hash_545d1e276c38241b,273ba0fda98
model,hash_54776e22eae5eb67,273ba0b5e28
model,hash_559bed1794e3996e,273ba0fe128
model,p8_food_vegetable_cauliflower,273ba0b7868
model,hash_56ac661af98a0f4f,273ba0b8c18
model,p8_mp_bomb_crate_brace,273ba08b798
model,p7_box_cardboard_c_closed,273ba0b93f8
model,p8_food_dinnerware_plate_lrg,273ba0b9938
model,hash_576a77e40931f0f0,273ba0fe518
model,hash_57adf91dd088e06a,273ba0ba268
model,hash_57c635f87dac9c6b,273ba0fe7b8
model,hash_580db933e0a50e39,273ba0ba7a8
model,hash_58ee24bf8a15a66b,273ba0bbca8
model,hash_58fed3c0a9d396bd,273ba0bbdf8
model,hash_5916c8a0c3878ae6,273ba0bc098
model,hash_5920d6a3c30782aa,273ba0bc338
model,hash_5943ba279f944a94,273ba0bc5d8
model,hash_5943bb279f944c47,273ba0bc728
model,hash_5943bd279f944fad,273ba0bc878
model,hash_5956bd7d1ee638cb,273ba0bcb18
model,hash_5a558f3e5fa0fa27,273ba0bd838
model,hash_5a671c7f72d1a2d9,273ba0bd988
model,hash_5a7811cd0dce3d1c,273ba0bdd78
model,hash_5a7814cd0dce4235,273ba0bdec8
model,p8_food_cheese_wedge_cheddar,273ba0bf518
model,p8_nt4_soviet_cigar_ashtray_nodecal,273ba0bf668
model,hash_5b60961312ed10a2,273ba0ff778
model,hash_5b781595eedbb165,273ba0bf908
model,hash_5ba89359946e6422,273ba0c0388
model,hash_5c230f40c1064602,273ba0ffa18
model,fx_decal_burnt_paper2,273ba0c11f8
model,fx_decal_burnt_paper3,273ba0c1348
model,hash_5ca1318e5c2bb953,273ba0c15e8
model,hash_5cbef5f66d804a74,273ba0c19d8
model,p7_gib_chunk_meat_01,273b9f79538
model,p7_gib_chunk_meat_02,273b9f79688
model,p7_gib_chunk_meat_03,273b9f797d8
model,hash_5ce99c9fec240fdc,273ba0c1f18
model,p7_food_fruit_watermelon_dmg_01b,273ba0ffb68
model,p7_food_fruit_watermelon_dmg_01c,273ba0ffcb8
model,p7_food_fruit_watermelon_dmg_01a,273ba0ffe08
model,hash_5d4479c47c3d1961,273ba0c2998
model,p7_cup_coffee_mug_blue,273ba0c3e98
model,hash_5f0e1e23824191cf,273ba0c4bb8
model,hash_5f52cd68e4440667,273ba0c5248
model,hash_5f79225e164d6e23,273ba1005e8
model,hash_5fd971891f280019,273ba0c5cc8
model,p8_fxp_fluid_droplet_mud,273b9f82c28
model,p7_fxp_debris_rock_01,273b9f832b8
model,p7_fxp_debris_rock_02,273b9f83408
model,p7_fxp_debris_rock_03,273b9f83558
model,hash_60e4bda5000800e6,273ba0c6c88
model,hash_611dfa093280a039,273ba100c78
model,p8_food_spice_storage_cylindrical_tin,273ba0c7318
model,p7_fxp_debris_car_glass_shatter_02,273b9f858c8
model,p7_fxp_debris_car_glass_shatter_03,273b9f85a18
model,p7_fxp_debris_car_glass_shatter_01,273b9f85b68
model,p8_computer_classroom_mouse_dmg,273ba0c7d98
model,hash_61d26216f8a445e1,273ba0c8038
model,hash_6217db674adfd048,273ba0c8428
model,p7_fxp_debris_dirt_clod_02_brown,273ba0910d8
model,p7_food_bread_baguette_sml,273ba0c8d58
model,hash_63140a04809445f3,273ba0c97d8
model,hash_63140b04809447a6,273ba0c9928
model,hash_63140c0480944959,273ba0c9a78
model,p8_fxp_fluid_droplet_water,273b9f8c5b8
model,hash_641c7533f13f2edd,273ba101458
model,hash_642ad16cf47eb99b,273ba0cb4b8
model,hash_64a584aa90864b2a,273ba0cbde8
model,hash_654501b237e18942,273ba0ccef8
model,hash_656db735195a713b,273ba0cd438
model,p8_zm_vapor_altar_danu_leaf_single_01,273ba0ce158
model,p8_zm_vapor_altar_danu_leaf_single_02,273ba0ce2a8
model,hash_6649b9fd233f218c,273ba0ce698
model,hash_6649bbfd233f24f2,273ba0ce7e8
model,hash_66a6ffd2ebd63497,273ba0ced28
model,hash_66a700d2ebd6364a,273ba0cee78
model,hash_66b83d6991c29363,273ba101998
model,p7_bottle_glass_wine_01,273ba101ae8
model,p7_box_copy_paper_sheet,273ba0cfe38
model,hash_67aeb41150ef857e,273ba0d0618
model,hash_6864eebe09e9b0b9,273ba0d0df8
model,hash_69197fd7c602b7a3,273ba0d19c8
model,hash_691cfacac961ac5a,273ba094d38
model,hash_699b985de4b7da3e,273ba101d88
model,hash_69e5a3565e9f7806,273ba0d2988
model,hash_6b24de08e90deb24,273ba0d3d38
model,hash_6b767ac40172c31c,273ba0d43c8
model,hash_6b767bc40172c4cf,273ba0d4518
model,hash_6b767cc40172c682,273ba0d4668
model,hash_6b79b4eb1e9a5d54,273ba0d47b8
model,hash_6b79b7eb1e9a626d,273ba0d4908
model,hash_6b8024566ee5ac7e,273ba0d4ba8
model,hash_6c1c68cf03b9c1d4,273ba102568
model,hash_6c30211bfe2ca4fd,273ba0d5778
model,p8_office_papers_manilla_folder_blue,273ba0d5cb8
model,hash_6c656de05346cb71,273ba0d5e08
model,hash_6c6e8789b60e13a7,273ba0d5f58
model,hash_6c7235263351b8c1,273ba0d60a8
model,hash_6d888c20921ceb49,273ba0d6f18
model,p8_mp_bomb_crate_clamp,273ba0979d8
model,hash_6e1fc578471774d4,273ba0d7d88
model,hash_6e1fc878471779ed,273ba0d7ed8
model,p8_food_fruit_apple_cap_crate,273ba0d8178
model,hash_6eadab993b256c67,273ba102bf8
model,p8_fire_extinguisher_01,273ba098458
model,hash_70298bdcff8c5773,273ba0d9fa8
model,hash_70eef487fd20067b,273ba099568
model,p8_fire_extinguisher_01_dmg_01,273ba0db4a8
model,p7_fxp_debris_newspaper_02,273ba0db5f8
model,p7_fxp_debris_newspaper_01,273ba0db748
model,p7_bottle_glass_wine_broken_01,273ba0dc468
model,p7_bottle_glass_wine_broken_02,273ba0dc708
model,hash_725605d8135b3c4b,273ba0dd428
model,hash_7284bd93af758c34,273ba103678
model,hash_72c33087ff2c1197,273ba1037c8
model,hash_72ea07b5d904ac44,273ba09a288
model,hash_730bff6cfc3aa591,273ba0de3e8
model,hash_739e8673a6c3a693,273ba0de7d8
model,hash_73aaa9c63a126789,273ba0de928
model,p8_food_fruit_apple_cap_crate_dmg,273ba0dea78
model,hash_744ed89542d78b37,273ba103d08
model,hash_7481e150b42e478f,273ba0df3a8
model,hash_74e658860d24afce,273ba0dfcd8
model,fx_glass_piece02,273ba0dff78
model,fx_glass_piece01,273ba0e00c8
model,hash_751fe60e427d1edd,273ba103fa8
model,hash_753ab9557ceb4c61,273ba0e0218
model,p8_food_spice_storage_square_tin_lrg_white,273ba0e04b8
model,hash_75abfd8a0368301f,273ba0e08a8
model,hash_75c614bacc1c7552,273ba0e0b48
model,hash_75de6cc21993808d,273ba0e0c98
model,p7_mp_flag_neutral,273ba0e0de8
model,hash_76926ea3803278c0,273ba0e15c8
model,hash_76b2ba0cf5ff3183,273ba0e19b8
model,hash_77031203b3d04dbd,273ba0e2198
model,hash_77614b991de8922c,273ba106c48
model,p8_food_dinnerware_cup_coffee_dmg,273ba0e32a8
model,p7_food_fruit_pineapple_01c_dmg,273ba104638
model,hash_78d9d2e7707261b0,273ba1048d8
model,hash_79720fb28da125bb,273ba0e4b98
model,p8_wz_supply_stash_ammo,273ba0e4ce8
model,hash_7a20401d59f6af50,273ba0e5a08
model,hash_7b08c606796be989,273ba0e65d8
model,hash_7b5e727bb2a8288f,273ba0e6c68
model,hash_7bdb87472694dcc4,273ba0e7988
model,hash_7c0506bdd8abe443,273ba0e7c28
model,p7_bottle_plastic_16oz_water,273ba105208
model,hash_7c448df9cf7f01a8,273ba0e8558
model,hash_7c6df59df7d76367,273ba0e8be8
model,p7_debris_trash_wrapper_01,273ba0e8e88
model,p7_debris_trash_wrapper_03,273ba0e8fd8
model,hash_7cd33e2d351f5639,273ba105358
model,hash_7cf1b29610ec0dff,273ba1054a8
model,p8_mp_bomb_crate_whole,273ba0aae48
model,hash_7d457a793b9460e7,273ba0e9668
model,hash_7d479bbb3b24b407,273ba0e97b8
model,p7_office_paper_sheet_10,273ba0e9e48
model,p7_office_paper_sheet_12,273ba0e9f98
model,p7_office_paper_sheet_09,273ba0ea0e8
model,p7_office_paper_sheet_08,273ba0ea238
model,p7_office_paper_sheet_03,273ba0ea388
model,hash_7e5b4b720654270a,273ba0eb0a8
model,hash_7e7ee2524c34c693,273ba0eb5e8
model,hash_7fbdef9171b7b420,273ba105b38
model,hash_7fc5b065203d7f41,273ba0ebf18
model,hash_7fc7eaec18ac5a76,273ba105c88
xcam,ui_cam_draft_common,273bdc3d180
xcam,hash_12263e5d70551bf9,273bdc3c340
xcam,ui_cam_endgame_mp_apartments,273bdc39940
destructible,hash_43fea21fccf9418,273b971f8c8
destructible,hash_49018d9a1497e4b,273b971f908
destructible,hash_13cc565f4e4dedaf,273b971f948
destructible,hash_176a052318672976,273b971f988
destructible,hash_19a2559a07dbc555,273b971f9c8
destructible,hash_25961d513dc0d78d,273b971fa08
destructible,hash_266d7267c53bed65,273b971fa48
destructible,hash_2d85a97b168ea6a6,273b971fa88
destructible,hash_35b1cfda84ab0220,273b971fac8
destructible,hash_378e89d277157e87,273b971fb08
destructible,hash_410c74dfa0fff063,273b971fb48
destructible,hash_49a602806ed0742e,273b971fb88
destructible,hash_656c36abe829e38b,273b971fbc8
destructible,hash_7d45a2013fe08312,273b971fc08
xanim,hash_2aea1a260c4b4d,273b9a2fce8
xanim,hash_9d5b38dbbc9eae,273b9a86918
xanim,d_civcity_flat_tire_fr,273b9a1d538
xanim,d_civcity_flat_tire_fl,273b99ebf88
xanim,d_civcity_flat_tire_bl,273b99e4eb8
xanim,d_civcity_flat_tire_br,273b9a0b708
xanim,hash_623d4a7136694fa,273b99e9ab8
xanim,hash_7b23dced8c816c5,273b9a2e9e8
xanim,hash_94ca6baf0c6f975,273b9a21a18
xanim,pb_rifle_endgame_2ndplace_idle,273b97524d8
xanim,hash_e305057d93e083b,273b99f0468
xanim,hash_1368a0c2f0468191,273b9a82db8
xanim,pb_rifle_endgame_3rdplace_idle,273b9782fd8
xanim,hash_17dd3bf518e65877,273b9a003b8
xanim,hash_17dd41f518e662a9,273b9a478e8
xanim,hash_17eb3bf518f295d3,273b9a06fc8
xanim,hash_17eb59f518f2c8cd,273b9a74c18
xanim,hash_1b34798b2d2081a9,273b99f8a98
xanim,hash_25a5c44b050a9ccf,273b9a17898
xanim,hash_2922742a891b7ef0,273b9a6f8f8
xanim,hash_2a033cbc8bc97b97,273b9a27b78
xanim,hash_2b539c8fd88bc6b3,273b9a61038
xanim,hash_2b62398d049ba873,273b99eb998
xanim,hash_2f6eaad20b0a8776,273b9a13158
xanim,hash_319eb1f3bcbd266e,273b9a1d9f8
xanim,hash_32a7eb4c671d89b7,273b9a50638
xanim,hash_34ba4a13307f56a6,273b9a5b008
xanim,hash_38873cae0fced134,273b9a83278
xanim,hash_40f119b25402da85,273b9a70998
xanim,hash_43581ab456bdada1,273b9a44cf8
xanim,hash_47a5b35bd3977af8,273b9a31838
xanim,hash_4ac19f49cedacb78,273b99e0fc8
xanim,hash_4e1c955e463ee139,273b9a33aa8
xanim,hash_504038268d7f23e8,273b9a088b8
xanim,pb_rifle_endgame_1stplace_idle,273b99f2348
xanim,hash_5422b447f8ffbc1c,273b9a7c668
xanim,hash_594751fbf51a93cf,273b9a69c58
xanim,hash_5e605b8347ea0b32,273b99f1c28
xanim,o_veh_t7_civ_sedan_midsize_police_explode,273b99e4d88
xanim,hash_683711ed797a9b8c,273b9a2c188
xanim,hash_7005c2826ef1a0b2,273b99f4358
xanim,hash_7420133b3a50c7e9,273b99e68d8
xanim,hash_791cd9c264bcb06d,273b99ef168
xanim,hash_79f8191bfcaa0d5b,273b9a0e7b8
scriptbundle,hash_1b50ed09b6bb96d,273bdb71f48
scriptbundle,hash_7bda560ae3ea56d,273bdb72bc8
scriptbundle,hash_ae449e32becf17f,273bdb70688
scriptbundle,sb_mp_endgame_player_06,273bdb702c8
scriptbundle,hash_edf8a4978f320ce,273bdb6ef08
scriptbundle,sb_mp_endgame_player_04,273bdb73848
scriptbundle,hash_edf8c4978f32434,273bdb72808
scriptbundle,sb_mp_endgame_player_02,273bdb73608
scriptbundle,hash_11305f02f2496341,273bdb6f988
scriptbundle,hash_11459dc6def1b008,273bdb70b08
scriptbundle,hash_1202c3162d06ee1f,273bdb70f08
scriptbundle,p8_fxanim_gp_wire_sparking_xsml_bundle,273bdb6f9c8
scriptbundle,hash_14d546375b6cf597,273bdb6ee48
scriptbundle,hash_206eea65f45704b8,273bdb70848
scriptbundle,hash_222c47c97edde705,273bdb6f108
scriptbundle,hash_24b53e1be889c44e,273bdb72dc8
scriptbundle,hash_2ea23b2466707f9b,273bdb739c8
scriptbundle,hash_3291149f62a1af8e,273bdb6fb08
scriptbundle,hash_33a89e6a71b5728d,273bdb6f448
scriptbundle,hash_34912ae3e24b13ca,273bdb71b88
scriptbundle,hash_3b355d9dda7087a4,273bdb70408
scriptbundle,hash_3dd75955af7ee6f3,273bdb72288
scriptbundle,hash_3ea3f06d5e3e38fc,273bdb72208
scriptbundle,hash_448060990234a02e,273bdb72fc8
scriptbundle,hash_5781885e121dced0,273bdb71d48
scriptbundle,hash_582d6facc69f5d7d,273bdb72088
scriptbundle,hash_5e298babaecc104c,273bdb6edc8
scriptbundle,hash_5e8eb2b4df00a85a,273bdb6f048
scriptbundle,hash_5ff9958d31209bcf,273bdb73108
scriptbundle,hash_62f70a7c10a8c28f,273bdb72e08
scriptbundle,hash_68cce32385299ff0,273bdb6f0c8
scriptbundle,hash_6bf65fbd9a56114d,273bdb71f08
scriptbundle,p8_fxanim_gp_wire_sparking_med_thick_bundle,273bdb70288
radiant_exploder,hash_7e17d35a668424,0
radiant_exploder,hash_87f392a72d471ec,0
radiant_exploder,hash_c06ffe413c2a47d,0
radiant_exploder,hash_2bba0f2afa10f034,0
radiant_exploder,hash_2bba122afa10f54d,0
radiant_exploder,hash_31f013b2d1c02c39,0
radiant_exploder,hash_350ee5699984c374,0
radiant_exploder,hash_350ee8699984c88d,0
radiant_exploder,hash_38b85079608050b9,0
radiant_exploder,hash_660a3715b08b1e0a,0
radiant_exploder,hash_6981fc113a18ad0c,0
radiant_exploder,hash_780e15e2512e9436,0
soundalias,hash_1aefe9968f8ced,0
soundalias,hash_94b5f3bad73031,0
soundalias,hash_9c60a4b93776bb,0
soundalias,hash_e3f4e729217e70,0
soundalias,hash_16813c3c0ec367d,0
soundalias,hash_1ef673fcdb4c426,0
soundalias,hash_21d849eee4d897a,0
soundalias,hash_238170c19d279f5,0
soundalias,hash_2904437d186593d,0
soundalias,hash_31f777916298d72,0
soundalias,hash_34186a2648d3bd3,0
soundalias,hash_38c96854fb0017e,0
soundalias,hash_3ed40a388a9e748,0
soundalias,hash_4049cea29ca612c,0
soundalias,hash_419e84642ebe554,0
soundalias,hash_4638d1437766933,0
soundalias,hash_4b1e982689f19c9,0
soundalias,hash_4cb8367901ce1cc,0
soundalias,hash_4f12c14c8757b7a,0
soundalias,hash_55faa40126d5c75,0
soundalias,hash_61dd52d4366a2f2,0
soundalias,hash_62332d89ae65200,0
soundalias,hash_6799f17d17bd52a,0
soundalias,hash_679a117d17bd890,0
soundalias,hash_680a1ca45380de2,0
soundalias,hash_7908cb1395a95a1,0
soundalias,hash_82d8fc262fa2602,0
soundalias,hash_8abeeabd2aa2c9c,0
soundalias,hash_8ef0ca7881f8aab,0
soundalias,hash_8ef954de078544d,0
soundalias,hash_a701893a7d70ea0,0
soundalias,hash_a703693a7d7419a,0
soundalias,hash_aba5ed6b60d87b2,0
soundalias,hash_bbafec33c2adca2,0
soundalias,hash_bce4c947d361ec7,0
soundalias,hash_bd53719309b6fc1,0
soundalias,hash_c266934b6e24701,0
soundalias,hash_ca467b11bcaf711,0
soundalias,hash_cc693b3173e7565,0
soundalias,hash_d76aadb39668a12,0
soundalias,hash_eb5bffa1c857b20,0
soundalias,hash_eb5c2fa1c858039,0
soundalias,hash_f7960ad68ff0bbf,0
soundalias,hash_101aa41260505836,0
soundalias,hash_10cdcf333175203e,0
soundalias,hash_117fec069331ef40,0
soundalias,hash_127c91df9b564016,0
soundalias,hash_12b24433ad0bb1f0,0
soundalias,hash_12de030885e70363,0
soundalias,hash_1358357952f89d8d,0
soundalias,hash_1495d0595aaccf04,0
soundalias,hash_14991f8e20df2f47,0
soundalias,hash_14e6aa140485ba14,0
soundalias,hash_1519e3326638cc63,0
soundalias,hash_15e932d0a298c96c,0
soundalias,hash_160dd4ed10b7c189,0
soundalias,hash_169b82c7c6db3b84,0
soundalias,hash_16f1e65bdae2b01d,0
soundalias,hash_17b03792068cf144,0
soundalias,hash_17cbfbe10c912709,0
soundalias,hash_1882eb6e5e09792c,0
soundalias,hash_18ced42f79f0d264,0
soundalias,hash_1952e9bdc542bec4,0
soundalias,hash_1a5d88f8e2660141,0
soundalias,hash_1a6485b96677518d,0
soundalias,hash_1a9b250db2cd658a,0
soundalias,hash_1b27529a48455c01,0
soundalias,hash_1b38c92c8d5cc407,0
soundalias,hash_1deff7f899600f59,0
soundalias,hash_1e3fe7dc6b3e5eff,0
soundalias,hash_1ec308916f5b6e67,0
soundalias,hash_1f61a8b39fda8c78,0
soundalias,hash_1f9b1d980061ea0e,0
soundalias,hash_1ff8bec27dfc1b70,0
soundalias,hash_200e28bcd26bab77,0
soundalias,hash_200e2ebcd26bb5a9,0
soundalias,hash_2034803f68e04e35,0
soundalias,hash_205260178dc28359,0
soundalias,hash_208f0fa01c042df2,0
soundalias,hash_20f02907ab1d7848,0
soundalias,hash_21037c8458f84a84,0
soundalias,hash_21037d8458f84c37,0
soundalias,hash_21037f8458f84f9d,0
soundalias,hash_2149db0c502305e3,0
soundalias,hash_218518744c18e1be,0
soundalias,hash_218d84c0c56766bf,0
soundalias,hash_223da4e8f443df4b,0
soundalias,hash_224856c54164e3bc,0
soundalias,hash_2250c1fa4b3ba63b,0
soundalias,hash_2292879155c54477,0
soundalias,hash_22d01da9a5078de7,0
soundalias,hash_23a8d14db44a77a5,0
soundalias,hash_24341b2153efa720,0
soundalias,hash_2490540890082fde,0
soundalias,hash_25a264b901d17919,0
soundalias,hash_267821e3be703ce7,0
soundalias,hash_269df24fae8cd21e,0
soundalias,hash_26bf012beaa38162,0
soundalias,hash_271fdedb26bc021c,0
soundalias,hash_2730ba20330dff4a,0
soundalias,hash_273c1ce675562cf7,0
soundalias,hash_2748aa2e6dc57ae0,0
soundalias,amb_flag,0
soundalias,hash_27b256569e7a0420,0
soundalias,hash_27b257569e7a05d3,0
soundalias,hash_27b258569e7a0786,0
soundalias,hash_27b259569e7a0939,0
soundalias,hash_27b25a569e7a0aec,0
soundalias,hash_27b25b569e7a0c9f,0
soundalias,hash_27b25c569e7a0e52,0
soundalias,hash_27b25d569e7a1005,0
soundalias,hash_27b264569e7a1bea,0
soundalias,hash_27b265569e7a1d9d,0
soundalias,hash_296b935f87aa2359,0
soundalias,hash_29c72ae111177d1d,0
soundalias,hash_2a1ab8d0c34b5f47,0
soundalias,hash_2a24ce3a41b0df92,0
soundalias,hash_2af37487e21a6b69,0
soundalias,hash_2b0f0f61e807b733,0
soundalias,hash_2b3dab1f9d5dfc7f,0
soundalias,hash_2bb2f28904deff17,0
soundalias,hash_2ca6411fde5a8e5f,0
soundalias,hash_2ca6571fde5ab3c1,0
soundalias,hash_2cbd1a72d59eecdd,0
soundalias,hash_2cd90a00fe97e1a7,0
soundalias,hash_2cd90b00fe97e35a,0
soundalias,hash_2ce5e8e291cc8524,0
soundalias,hash_2d4ff443c57e799d,0
soundalias,hash_2d9238cee350b90c,0
soundalias,hash_2d9239cee350babf,0
soundalias,hash_2d923acee350bc72,0
soundalias,hash_2e25f1d6ca55e5d9,0
soundalias,hash_2e887c70bfe4df2a,0
soundalias,hash_2ea8f3ac3b7c1608,0
soundalias,hash_2ec3de3874855810,0
soundalias,hash_2f095673f11faa44,0
soundalias,hash_2f4f8f7b45a52020,0
soundalias,hash_2fc9b1cdafb1c5db,0
soundalias,hash_2fe3fdae6eacd8a0,0
soundalias,hash_303a62e9feb361dc,0
soundalias,hash_3060ca18584fade9,0
soundalias,hash_308f5ce9fefb97a9,0
soundalias,hash_309718e22f6a0514,0
soundalias,hash_30b21b84dab56297,0
soundalias,hash_310e1517e8130d26,0
soundalias,hash_319edc5e5c296734,0
soundalias,hash_334d4d52ba5fa940,0
soundalias,hash_335e461832724b52,0
soundalias,hash_338c13a4f145a64d,0
soundalias,hash_33e5e9083374ad6c,0
soundalias,hash_342bc6abf5c2e001,0
soundalias,hash_344ec28fee2dea4c,0
soundalias,hash_3459792463dfc4c4,0
soundalias,hash_3475b72fd2075545,0
soundalias,hash_354a10fe1f24ce2d,0
soundalias,hash_35825c56d12e7e5a,0
soundalias,hash_358280be0b200bd1,0
soundalias,hash_36506c51f445c11f,0
soundalias,hash_36794b821becda02,0
soundalias,hash_368d93142ae0e4c7,0
soundalias,hash_369fc91126edf148,0
soundalias,hash_373c94e1ffb849b0,0
soundalias,hash_3934bdfeb261556c,0
soundalias,hash_3a1f2936b1ccf1de,0
soundalias,hash_3adf657f35d564fa,0
soundalias,hash_3b66638c6f40e4d3,0
soundalias,hash_3b66818c6f4117cd,0
soundalias,hash_3b6983b084cfef53,0
soundalias,hash_3bb6b6eac48c5883,0
soundalias,hash_3cdfe8dcc5db6bfa,0
soundalias,hash_3cf59cd437fa67f8,0
soundalias,hash_3d39637034165871,0
soundalias,hash_3d67cbb26df49c64,0
soundalias,hash_3dbfa6bf28cd58d5,0
soundalias,hash_3e5a4dbc35d1e68a,0
soundalias,hash_3e65fd5b6012894a,0
soundalias,hash_3e8d3aaeefef07ac,0
soundalias,hash_3e8d50aeefef2d0e,0
soundalias,hash_3ea54680de72ead1,0
soundalias,hash_3eccdf10c504f62c,0
soundalias,hash_3f54c5d8f59fc31d,0
soundalias,hash_3f8d713abf4d10fe,0
soundalias,hash_4012ea17749beb39,0
soundalias,hash_43315ee97d040317,0
soundalias,hash_436a067686c4820a,0
soundalias,hash_436a4f77c54e7912,0
soundalias,hash_438b930b61d96f77,0
soundalias,hash_438dac17f69b90a2,0
soundalias,hash_43ad48046fb206c8,0
soundalias,fly_step_glass,0
soundalias,hash_44c55a442909d57d,0
soundalias,hash_44d925def0cc9c79,0
soundalias,hash_456af38afaef9d77,0
soundalias,hash_456af98afaefa7a9,0
soundalias,hash_45a4e1bd38393752,0
soundalias,hash_4747e2f1172b8ce0,0
soundalias,hash_4747e5f1172b91f9,0
soundalias,hash_47a7dd1007c11019,0
soundalias,exp_veh_large,0
soundalias,hash_487be9ed2cd7cdc8,0
soundalias,hash_48bc31e222aa7c3e,0
soundalias,hash_4963815a54e65e23,0
soundalias,hash_499a124f56b6f71b,0
soundalias,hash_4a7cec89bf117a33,0
soundalias,hash_4a9fb6e1d5d277b9,0
soundalias,hash_4ab1b159b94b3dd3,0
soundalias,hash_4af7cc2cea011aad,0
soundalias,hash_4b4560fa80837d55,0
soundalias,hash_4b9c2475d7229c61,0
soundalias,hash_4c17282e41a38373,0
soundalias,hash_4c4fd2c61d8d648a,0
soundalias,hash_4c4fd4c61d8d67f0,0
soundalias,hash_4ca3d2aaa573f1c8,0
soundalias,hash_4d03aca15be68283,0
soundalias,hash_4d22bab8017dd52f,0
soundalias,hash_4d4bbcb801a0dda9,0
soundalias,hash_4d61c9655cf99837,0
soundalias,hash_4d86b2d0f91a4ee7,0
soundalias,hash_4e137d178056ca28,0
soundalias,hash_4ec5a3e02263fc0e,0
soundalias,hash_4f144f62eda9d260,0
soundalias,hash_4f8c480d8e8f07b6,0
soundalias,hash_4fce9427097656c3,0
soundalias,hash_4ff60fe70fad2082,0
soundalias,hash_501eff91f639c23e,0
soundalias,hash_50c442f3b2e6dc83,0
soundalias,hash_50cf1563b54b43f6,0
soundalias,hash_510bdf2b87f3ea1d,0
soundalias,hash_5160cc87009d52ed,0
soundalias,hash_51abdd1a9bf25a61,0
soundalias,hash_5241882a79fff7a3,0
soundalias,hash_5290e69e5616b714,0
soundalias,hash_537f76b3a76e3f9e,0
soundalias,hash_53cc3dd3d1a40243,0
soundalias,hash_541c921d466c4791,0
soundalias,hash_542ec41578af3e43,0
soundalias,hash_54538dea28a0400e,0
soundalias,hash_54600f7468958ce3,0
soundalias,hash_547104dd82ba9c7c,0
soundalias,hash_54ccaf2374905df9,0
soundalias,hash_54f9bb5621f71d07,0
soundalias,hash_55c5ee20773ca615,0
soundalias,hash_55f0be338a674cfc,0
soundalias,hash_56a06f69284e9d8f,0
soundalias,hash_5756e1f22e05204d,0
soundalias,hash_58218bc4f7624185,0
soundalias,hash_58e24f4b7ee415d9,0
soundalias,hash_58fcf7a3669ca93f,0
soundalias,hash_590af2579c464fda,0
soundalias,hash_5911058078e41f79,0
soundalias,hash_5977d1f5f8457ae5,0
soundalias,hash_59e128a5a58e7d49,0
soundalias,hash_5a4d8c26d0968ebb,0
soundalias,hash_5a52dfed31fb76bc,0
soundalias,hash_5aebbc03bd94bd58,0
soundalias,hash_5b12631b244a191c,0
soundalias,hash_5b18895703fba823,0
soundalias,hash_5b5d0e67c121d845,0
soundalias,hash_5c0a0961ebbe013f,0
soundalias,hash_5c0f0a85eb2068e4,0
soundalias,hash_5c825107aa4350ed,0
soundalias,hash_5ca8d4adbb8576c5,0
soundalias,hash_5ce5a1d33ac055f5,0
soundalias,hash_5d4e7fb219f549c4,0
soundalias,hash_5e37c1d5bba09771,0
soundalias,hash_5e6c6fe38f11ed65,0
soundalias,hash_5eb690639ce50eba,0
soundalias,hash_5ededd49857aee1c,0
soundalias,hash_5efc5f9102636233,0
soundalias,hash_5f07c850bd480725,0
soundalias,hash_5f0cf846c1e5f92e,0
soundalias,hash_5f3f7cef166a47be,0
soundalias,hash_5fbc57fe7327e948,0
soundalias,hash_60363e606c7cc6bc,0
soundalias,hash_60ac0e0cfb0de879,0
soundalias,hash_60ba48fbfec52444,0
soundalias,hash_60c935d4c50a3d7d,0
soundalias,hash_6237abae59de3cd8,0
soundalias,hash_6237aeae59de41f1,0
soundalias,hash_6282b08e3d0e89ab,0
soundalias,hash_63183f29f3cd192c,0
soundalias,hash_633b9532cf0da169,0
soundalias,hash_633ce1c4d50c2315,0
soundalias,hash_63a4dfd239ac8361,0
soundalias,hash_642770a6e291745c,0
soundalias,hash_64b625ab8706f109,0
soundalias,hash_65337304c8c7b0cd,0
soundalias,hash_657e8ed3dbc52ebe,0
soundalias,hash_662cc921feebd61b,0
soundalias,hash_663899d42687914d,0
soundalias,hash_668dfcbb61723329,0
soundalias,hash_66aa6b049c23fa3f,0
soundalias,hash_67adb4bc04b6108f,0
soundalias,hash_67ba645b2ef8664f,0
soundalias,hash_67e1b634a1e1c1ba,0
soundalias,hash_683fa9c204fffef2,0
soundalias,hash_6851c7ef18c99a2f,0
soundalias,hash_68b8beb0257da073,0
soundalias,hash_68d529ce159011b5,0
soundalias,hash_694aaf72eca0e4dc,0
soundalias,hash_69f5f866b0e442fa,0
soundalias,hash_69f9f3e122dbb898,0
soundalias,hash_6a5dc79e914f38a0,0
soundalias,hash_6a5dca9e914f3db9,0
soundalias,hash_6a7bbff93ccc7ab7,0
soundalias,hash_6a82967ecaf36843,0
soundalias,hash_6abe483482efa584,0
soundalias,hash_6b7e9fb88672f9df,0
soundalias,hash_6c5be5a0764e1e3c,0
soundalias,hash_6c94ba26db35a3b1,0
soundalias,hash_6d31351b3c83b601,0
soundalias,hash_6d60852ef9ecfe86,0
soundalias,hash_6d8aafa1505e7010,0
soundalias,hash_6def88eed3270d4a,0
soundalias,hash_6e0feae84c510202,0
soundalias,hash_6e24cf2f49698a0f,0
soundalias,hash_712e3703787e4a71,0
soundalias,hash_716f951c8cc4c681,0
soundalias,hash_719f8422f355ac58,0
soundalias,hash_71ff87696df2b488,0
soundalias,hash_72725b98cf0834ac,0
soundalias,hash_72d6d98962d02bf3,0
soundalias,hash_7332c548b8e60625,0
soundalias,hash_7332d748b8e624bb,0
soundalias,hash_73c1eadc54e25cf8,0
soundalias,hash_743a500a2bfa3ce7,0
soundalias,hash_74aeeb59d94a469d,0
soundalias,hash_7586d87866559914,0
soundalias,hash_75a8b238641035fc,0
soundalias,hash_76b49dc84578b31d,0
soundalias,hash_76e3135f0c65e26d,0
soundalias,hash_76e527de2e37948f,0
soundalias,hash_77198e0d2cb17d98,0
soundalias,hash_772e5e60d6a5e4e1,0
soundalias,hash_774ca74e335d9157,0
soundalias,hash_77516f2cb5929643,0
soundalias,hash_778c546d4bf1f13d,0
soundalias,hash_77a39cb220d8ab15,0
soundalias,hash_77acef2ebeab25a9,0
soundalias,hash_77ae18c6b0d66864,0
soundalias,hash_77ae1ec6b0d67296,0
soundalias,hash_7809d41c8fa638ac,0
soundalias,hash_7809ea482909306c,0
soundalias,hash_7812f8bd545946f7,0
soundalias,hash_7815e8cf92df5b5b,0
soundalias,hash_78ea3de9255fb546,0
soundalias,hash_79041053f1a7e71c,0
soundalias,hash_791629dec2371e28,0
soundalias,hash_79e7070c3130f4a9,0
soundalias,hash_7a01a2836b20e603,0
soundalias,hash_7a62506c990443a7,0
soundalias,hash_7a9dd8c2e10082a2,0
soundalias,exp_veh_plane_spinout_lp,0
soundalias,hash_7ac5fa6568de2461,0
soundalias,hash_7b03a9cee3b85887,0
soundalias,hash_7b57908242cf03b1,0
soundalias,hash_7c29b9d5d359f7a3,0
soundalias,hash_7c2e59ca3ee725e5,0
soundalias,hash_7ccc879d1043ab94,0
soundalias,hash_7d6048cbcdd07cb8,0
soundalias,hash_7d96acf7489adb0b,0
soundalias,hash_7e17e533381a8506,0
soundalias,hash_7e7a56d0cfc78869,0
soundalias,hash_7eb51f1a0028ab28,0
soundalias,hash_7ef1f2f4e7038740,0
soundalias,hash_7f118ea3a4874268,0
soundalias,hash_7f4e46b0b7809020,0
soundalias,hash_7f640942ba0c38b0,0
soundalias,hash_7fc26c598d080448,0
soundalias,hash_7fe19ceed35907ce,0
client_fx,hash_15df7a3c718102a,273bd812e38
client_fx,hash_3b52862cbfae664,273bd7fa8d8
client_fx,hash_3df9418864f08e6,273bd7e8ef8
client_fx,hash_9b7fb95125a540c,273bd7f6878
client_fx,hash_a2ebf392514d1ee,273bd8046f8
client_fx,hash_c5977ec9c003b71,273bd807858
client_fx,hash_e3f93b14798cde3,273bd7d8558
client_fx,hash_1008bbbc9ba91883,273bd810db8
client_fx,impacts/fx8_bul_impact_metal_sm,273bd7e9e98
client_fx,hash_12b944b36953a819,273bd843b78
client_fx,hash_155d5c9bf86efb6d,273bd800a58
client_fx,hash_1847077627974c80,273bd7fae78
client_fx,tools/fx_null,273bd7d5f38
client_fx,hash_19fd67d4066e7da5,273bd8316f8
client_fx,hash_1a52c3d93a368411,273bd7ead98
client_fx,hash_1b35af891deeb706,273bd7da5d8
client_fx,hash_1bb3f9710a6415c8,273bd7eaed8
client_fx,hash_1dc986e00ac2d9b1,273bd7eb1f8
client_fx,hash_1f1f6ba9fb9ace3c,273bd7eb518
client_fx,hash_21268f9d29d2fed9,273bd80c498
client_fx,hash_212bce954d1e21ea,273bd8096f8
client_fx,hash_2147dab1373ff1d8,273bd808438
client_fx,hash_21f397376b81d9ef,273bd7eb798
client_fx,ui/fx_dom_cap_indicator_neutral_r120,273bd8465f8
client_fx,hash_2618b5463c248896,273bd7ebdd8
client_fx,hash_269f259a4cd762e8,273bd804e78
client_fx,hash_27604ee16fb27e93,273bd7ec058
client_fx,ui/fx_dom_marker_neutral_r120,273bd846b98
client_fx,hash_28d89d447c354265,273bd822518
client_fx,hash_292665b1a78d5f6e,273bd7ec378
client_fx,hash_2976d38995f82261,273bd7dc3d8
client_fx,hash_2a59ec613aa53582,273bd807358
client_fx,hash_2ae71f3752da3ec5,273bd80ca38
client_fx,hash_2db73e5540237e87,273bd8162b8
client_fx,hash_34c6dc6eb6d5929f,273bd7ed9f8
client_fx,hash_37470d92bc66b93a,273bd80bd18
client_fx,hash_37b3045dab74db81,273bd7edbd8
client_fx,hash_39acb811aabc7232,273bd808258
client_fx,hash_3c2d31e47159de2f,273bd7fb698
client_fx,hash_3d83798676a353af,273bd84a6f8
client_fx,hash_3f6d16304267fea8,273bd8142d8
client_fx,hash_3f9e861a8394a8a3,273bd8147d8
client_fx,hash_40f4c2f5a7d7e23a,273bd822018
client_fx,hash_4105fb1c31438193,273bd84aa18
client_fx,hash_412865923c8a9321,273bd80f4b8
client_fx,hash_413d5db8780e03d8,273bd80d898
client_fx,hash_42f307b1c7e0ef54,273bd7fe938
client_fx,hash_433b851d265a38a1,273bd7fb918
client_fx,hash_4419642343624864,273bd818798
client_fx,ui/fx_dom_cap_indicator_team_r120,273bd84b238
client_fx,hash_461ba85d86357413,273bd7ef398
client_fx,hash_4ce146d3986d734c,273bd7e0a78
client_fx,hash_4ceb6b8de42abe28,273bd7e0b18
client_fx,hash_4d564d5b00e6f2ad,273bd81f4f8
client_fx,hash_4d7a1fef30941eed,273bd7f05b8
client_fx,hash_4d885739142015b7,273bd823b98
client_fx,hash_4e7218bfa9566ef0,273bd81e378
client_fx,hash_503192839d9bde33,273bd81f3b8
client_fx,hash_5156900b61510d36,273bd7fbaf8
client_fx,hash_53cd47396276ff09,273bd7f14b8
client_fx,hash_54a4fdc179823939,273bd7fbc38
client_fx,hash_551605801a32aad2,273bd7fbcd8
client_fx,hash_57759c5fdd88c512,273bd7f1878
client_fx,hash_5821ea4cefbbfac9,273bd80da78
client_fx,hash_5eebe8c19872ffb3,273bd84e398
client_fx,ui/fx_dom_marker_team_r120,273bd84e938
client_fx,hash_63ea55c11dafa45e,273bd7fc318
client_fx,hash_67a4679378e51bf7,273bd80b458
client_fx,hash_6954e0e694a1f8c6,273bd7fc4f8
client_fx,hash_69a3523dca5d85fd,273bd7f3ad8
client_fx,hash_6accb3311c2c042f,273bd81aa98
client_fx,hash_6da8e3354673a4c0,273bd820218
client_fx,hash_6f3476832d6aeeff,273bd81eff8
client_fx,hash_6fc0456efc11fc9c,273bd819e18
client_fx,hash_7079c5dcf5c3d9d4,273bd7f4898
client_fx,hash_70fbc84063d88d13,273bd809c98
client_fx,hash_72b9f5d388cc7f57,273bd7fc958
client_fx,hash_743aa928e83286d6,273bd80a238
client_fx,hash_77a3ef479ceb7b5c,273bd822fb8
client_fx,hash_77a8c32592d4dc2f,273bd805418
client_fx,hash_7a2b64f7a1e28505,273bd8118f8
client_fx,hash_7b2e4176bb94d5e8,273bd805378
client_fx,hash_7b63806059f03bbf,273bd851db8
client_fx,hash_7f1ad908789e51bf,273bd7f5b58