type,name
sound,#hash_594df896d198102f
localizeentry,#mpui/stalker
localizeentry,#hash_8095c5021b448b56
localizeentry,#hash_809b21599b0be92c
localizeentry,#hash_809b8af453a6a410
localizeentry,#hash_814ad824a233eedc
localizeentry,#mpui/dualoptic
localizeentry,#hash_82eca6fba714f086
localizeentry,#hash_832f76fa42f85198
localizeentry,#hash_838a2cf22c48d6c3
localizeentry,#hash_840c47b72c083914
localizeentry,#hash_843b319457bc818e
localizeentry,#hash_847e1955bea1fc19
localizeentry,#mpui/extclip2
localizeentry,#hash_85be026b2781b8c9
localizeentry,#hash_85d7eb1442a4f213
localizeentry,#hash_86a9c5353f6e0729
localizeentry,#hash_87129c2ef942745a
localizeentry,#hash_872b5e12c9c5b3bf
localizeentry,#mpui/extclip
localizeentry,#hash_8870732dcf823d00
localizeentry,#hash_89340177dbe3be9f
localizeentry,#hash_8963e4c4a1430d25
localizeentry,#mpui/fastreload2
localizeentry,#hash_8c0c2aecab7c9830
localizeentry,#hash_8c3550301fc75b8c
localizeentry,#hash_8d8622d38b0078a8
localizeentry,#hash_8e2971bbfafcfe66
localizeentry,#hash_8e6b6ba489f41f01
localizeentry,#hash_8ee567911dd1ce83
localizeentry,#hash_8f3011ec9092dca2
localizeentry,#mpui/vzoom
localizeentry,#hash_91416e3dffba8d50
localizeentry,#mpui/mk
localizeentry,#hash_915f614ac4e9cc5a
localizeentry,#mpui/ir
localizeentry,#mpui/is
localizeentry,#mpui/gl
localizeentry,#mpui/dw
localizeentry,#hash_91844df90c43c32c
localizeentry,#mpui/sf
localizeentry,#mpui/rf
localizeentry,#hash_91cfa6d5f521dede
localizeentry,#hash_91d17195d5833bc4
localizeentry,#mpui/uber
localizeentry,#hash_93d29462fd0d57ab
localizeentry,#hash_93f64b913a8510ce
localizeentry,#hash_94b9981c6e3d2f76
localizeentry,#hash_95b50559752dd744
localizeentry,#hash_95cf0d46af70291b
localizeentry,#mpui/null
localizeentry,#mpui/grip
localizeentry,#hash_966b7f0f8f0d22fc
localizeentry,#hash_975b0c2ccec045a3
localizeentry,#hash_97783814d047454c
localizeentry,#hash_97c0eb37199a2d92
localizeentry,#hash_97ede46111f44fec
localizeentry,#hash_98b7797e532aa1bb
localizeentry,#hash_992620fbfe2bb385
localizeentry,#hash_993c1c010f81e229
localizeentry,#hash_9960a6223dd21d1a
localizeentry,#hash_99ab29890f4ebb91
localizeentry,#hash_9c07c87a45375aaf
localizeentry,#hash_9c93858d6991c626
localizeentry,#hash_9dffea8c96fdc0fe
localizeentry,#mpui/steadyaim2
localizeentry,#hash_a08eb7d41301aac0
localizeentry,#hash_a1868d247829d827
localizeentry,#hash_a26442eca8affe87
localizeentry,#hash_a2ec60cd78b8277f
localizeentry,#hash_a3184906a849ac54
localizeentry,#hash_a3d45d79e7cc975d
localizeentry,#hash_a4029a6ad88b81e2
localizeentry,#hash_a462544f3066322a
localizeentry,#hash_a46c7d9118b22299
localizeentry,#hash_a4a3e0f402bfd000
localizeentry,#hash_a4c9561478db5594
localizeentry,#hash_a55c9cc584359d0e
localizeentry,#hash_a5811ef8abc80b1f
localizeentry,#hash_a5b761f80b963d2d
localizeentry,#hash_a5d3f454e864bb4a
localizeentry,#hash_a5edfec743a2fb28
localizeentry,#hash_a5fc6c872fa95f5e
localizeentry,#hash_a628f8facd7d3398
localizeentry,#mpui/pistolscope
localizeentry,#hash_a6adc6b84f143b29
localizeentry,#hash_a8c8d09a7f7e043e
localizeentry,#hash_a8f8d698fe4d79d2
localizeentry,#hash_a903042e98504cc7
localizeentry,#hash_a97bd6fbffa55b80
localizeentry,#hash_a9d1b41ee09e09b8
localizeentry,#hash_aa634db8501d93aa
localizeentry,#hash_aaa6fa1848766679
localizeentry,#hash_ab0fae1c09a3d8a9
localizeentry,#hash_ab27d20d2cfc1069
localizeentry,#hash_ab3d791eb05ec296
localizeentry,#hash_ab40461a235c9616
localizeentry,#hash_ab8096f4212652cb
localizeentry,#hash_ac3e9e30064c8db6
localizeentry,#hash_ac454eb3fec22798
localizeentry,#hash_acab672fd372f942
localizeentry,#hash_ad003d6a1240093c
localizeentry,#hash_ad85a60f366822d1
localizeentry,#mpui/reflex
localizeentry,#hash_af6eb9c102b831ad
localizeentry,#hash_af75827412f48897
localizeentry,#mpui/fmj2
localizeentry,#hash_b041bf105b58c16a
localizeentry,#mpui/ir_desc
localizeentry,#hash_b0f532e9051a3691
localizeentry,#hash_b1e9d057a03398bf
localizeentry,#hash_b279150dc6bd1b3b
localizeentry,#hash_b292e34998476e76
localizeentry,#hash_b3105d49e7fd102e
localizeentry,#hash_b3c5a3d6ed967788
localizeentry,#hash_b3f013eacb53964c
localizeentry,#hash_b4f83c239da58b2d
localizeentry,#mpui/quickdraw2
localizeentry,#hash_b60742434808cf8e
localizeentry,#hash_b640fdfd426ba4b4
localizeentry,#hash_b66888e106b2bbb3
localizeentry,#hash_b67dd4c3c93edc80
localizeentry,#hash_b6be4a2f9e325b50
localizeentry,#mpui/fmj
localizeentry,#hash_b824d76b4a721017
localizeentry,#hash_b8698d6863661eb6
localizeentry,#hash_b8702abdee3837d0
localizeentry,#hash_b87f98b0e40cc796
localizeentry,#hash_b916397fbdb60669
localizeentry,#mpui/killcounter
localizeentry,#mpui/extbarrel2
localizeentry,#hash_b9aeb41b98bc1671
localizeentry,#hash_b9bac218bf0160b1
localizeentry,#hash_ba294441722f3c4d
localizeentry,#hash_bad0e7a1cbad4cb7
localizeentry,#hash_bae42f7d6eabab5a
localizeentry,#hash_bbad41af24cc7ed5
localizeentry,#hash_bca968dee9e5dc02
localizeentry,#hash_bcbdafac7f4a7bd2
localizeentry,#hash_bd26eb8dafae98e9
localizeentry,#hash_bd7abb3373fab887
localizeentry,#hash_bddb056b79311ade
localizeentry,#hash_bde8e053a2e6c69b
localizeentry,#hash_bdfd2cf9c5589207
localizeentry,#hash_be42591da1c1538f
localizeentry,#hash_be4a67b0d74a662a
localizeentry,#hash_be968f73a7d7e44e
localizeentry,#mpui/gl_desc
localizeentry,#hash_bee20f103a454178
localizeentry,#mpui/is_desc
localizeentry,#hash_c0dd44e49656068f
localizeentry,#mpui/extbarrel
localizeentry,#hash_c14ce3af89eedef1
localizeentry,#hash_c1675721bd9111d3
localizeentry,#mpui/elo
localizeentry,#hash_c1ed99048f6cb7f0
localizeentry,#hash_c2047aa0e594d7ce
localizeentry,#hash_c20861c64b6e9e7c
localizeentry,#mpui/supply
localizeentry,#hash_c3374b5ab9becdaa
localizeentry,#hash_c361bc63de0848d3
localizeentry,#hash_c3b0cfc850dbcc04
localizeentry,#hash_c4149fa37d4d853f
localizeentry,#mpui/suppressed
localizeentry,#hash_c52fd06faf792671
localizeentry,#hash_c5d36cd4b3bb6578
localizeentry,#mpui/holo
localizeentry,#hash_c64fb4d63791df24
localizeentry,#hash_c9281fa933339a32
localizeentry,#hash_c973da5ba484b2ae
localizeentry,#hash_c9e88c8053d4f73e
localizeentry,#hash_ca324d42cf256472
localizeentry,#hash_ca584bc8c443f246
localizeentry,#hash_ca6f079813e273c3
localizeentry,#hash_cb105b524a93b53d
localizeentry,#hash_cc2bbe6f91c1ca94
localizeentry,#hash_cd048d939c70cad9
localizeentry,#mpui/quickdraw
localizeentry,#hash_cdff11036295b59f
localizeentry,#hash_cecfa703971b8aae
localizeentry,#hash_ced6dfbae4e23b52
localizeentry,#hash_ced6f1ab0cbc899b
localizeentry,#mpui/sf_desc
localizeentry,#hash_cf0d8ebb363015e0
localizeentry,#hash_cf23c6ecb321fa19
localizeentry,#hash_d02cca55de20d536
localizeentry,#hash_d06621193b404166
localizeentry,#hash_d071aa2f1fc20b4c
localizeentry,#hash_d0acb81dbe07fbfe
localizeentry,#hash_d1252660f83e3872
localizeentry,#mpui/none
localizeentry,#hash_d2de177886494628
localizeentry,#hash_d43fe4ea753b9eac
localizeentry,#hash_d49d76181177939a
localizeentry,#hash_d4e4fb1367aa3001
localizeentry,#hash_d567d64527c57712
localizeentry,#hash_d56fbdaebf02d158
localizeentry,#hash_d6074383a6c3b738
localizeentry,#hash_d60d002c6e40e5df
localizeentry,#hash_d61a6371fe1e6f3a
localizeentry,#hash_d819d3514e6b40a0
localizeentry,#hash_d835ce824db9fc92
localizeentry,#hash_d8b7aeee47f428da
localizeentry,#hash_d8f22446fa93e6ab
localizeentry,#mpui/grip2
localizeentry,#mpui/hipgrip
localizeentry,#hash_dabca820cfab2cd8
localizeentry,#hash_dacae5f224c146a9
localizeentry,#hash_dafd03a588cd1c62
localizeentry,#hash_db7536f294f156a6
localizeentry,#hash_dc28147c226eb600
localizeentry,#mpui/mixclip
localizeentry,#hash_dcc8a98a1a1af336
localizeentry,#hash_ddc620aa9640e528
localizeentry,#hash_de2c81adb5a5264a
localizeentry,#hash_de6ae4119dda43e0
localizeentry,#hash_dec68d99caf17930
localizeentry,#hash_df17105e484faba8
localizeentry,#hash_df68abd42a1cff2a
localizeentry,#hash_e02e0ff43b44d408
localizeentry,#hash_e063cd6ae0f6ce28
localizeentry,#hash_e07993fb651c3014
localizeentry,#hash_e0a2e99cf0e191e1
localizeentry,#hash_e0ad70a7e7b392a0
localizeentry,#hash_e1ae56844fb4ecd3
localizeentry,#mpui/steadyaim
localizeentry,#hash_e2503932e1d53a87
localizeentry,#mpui/reddot
localizeentry,#hash_e27f640830ae263b
localizeentry,#hash_e28b6122d68a8d45
localizeentry,#hash_e29d187300caa85d
localizeentry,#hash_e370b5a97249c317
localizeentry,#hash_e39a907fae7467b1
localizeentry,#mpui/clantag
localizeentry,#hash_e44187f4990e9841
localizeentry,#hash_e443239d452b1e8d
localizeentry,#hash_e51a766bae9b7c5c
localizeentry,#hash_e52798c8c39df5b0
localizeentry,#hash_e63114aa52ffcb21
localizeentry,#hash_e65fcaf288735f26
localizeentry,#hash_e6d33b296eb64fbc
localizeentry,#mpui/stalker2
localizeentry,#hash_e88a1b241ffb922e
localizeentry,#hash_e8aa6bf5db640dde
localizeentry,#hash_e8fe011060c3cc2a
localizeentry,#mpui/fastreload
localizeentry,#hash_e94b66b1b888e2a8
localizeentry,#hash_ea4930978aef6c45
localizeentry,#mpui/burst2
localizeentry,#hash_eaee422878d572b9
localizeentry,#hash_ec1e82cce2e2763e
localizeentry,#hash_ec8d7834e1591a50
localizeentry,#hash_ed832831f5532f00
localizeentry,#hash_ee155a8da74ae1b6
localizeentry,#hash_ee2fd7423cbe42b0
localizeentry,#hash_ee86b49d6d5196af
localizeentry,#hash_efe3fbbbbb63092c
localizeentry,#hash_f01c5f025eb74ec6
localizeentry,#hash_f085044e7b80d5a3
localizeentry,#hash_f09fb6b7fdde6aa8
localizeentry,#hash_f14cce81de873f11
localizeentry,#mpui/acog
localizeentry,#mpui/damage2
localizeentry,#hash_f1bf3704c3ae5a0e
localizeentry,#hash_f4978fc95bfb2bfd
localizeentry,#hash_f4bcbdc19707392f
localizeentry,#hash_f564cce16f4274f6
localizeentry,#mpui/damage
localizeentry,#hash_f58d93baadbc199d
localizeentry,#hash_f5c36a6b651e7775
localizeentry,#hash_f664f631b276facc
localizeentry,#hash_f68c5aeecc2d7cc4
localizeentry,#hash_f705cb8207f499e9
localizeentry,#hash_f725a43a5e8755ad
localizeentry,#hash_f7dce7635423ba68
localizeentry,#hash_f7f9d83f9e77c0d3
localizeentry,#hash_f833cc16d9fa0749
localizeentry,#mpui/rf_desc
localizeentry,#mpui/mk_desc
localizeentry,#hash_f8b448d799b46550
localizeentry,#hash_f8d753143b405d88
localizeentry,#hash_fa4289cde4df7d84
localizeentry,#mpui/dw_desc
localizeentry,#hash_fa780871028530f5
localizeentry,#hash_fa899f8fa9163c6e
localizeentry,#hash_fafac73e4e0688d4
localizeentry,#hash_fbbe615a9a441e5f
localizeentry,#hash_fbf8bcf55e2bd26e
localizeentry,#mpui/mms
localizeentry,#hash_fd3e69af1a992cec
localizeentry,#hash_fd4c19fb8173c5ee
localizeentry,#hash_fdb4187f695ce2a6
localizeentry,#hash_fe31505384e0837a
localizeentry,#hash_fe61522bc8bc3dee
localizeentry,#hash_fe6ea41ef4c9afe6
localizeentry,#hash_ffd496c4cf9ec713
keyvaluepairs,#hash_3665a16046f9986e
streamkey,#hash_b2048d671ae88e3
streamkey,#hash_30238e7ba3a07e60
streamkey,#hash_3d8ada522b0586ea
streamkey,#hash_546cf703cefda965