name,string
#wz_wingsuit_hud,wz_wingsuit_hud
#remote_missile_target_lockon9,remote_missile_target_lockon9
#remote_missile_target_lockon8,remote_missile_target_lockon8
#remote_missile_target_lockon7,remote_missile_target_lockon7
#remote_missile_target_lockon6,remote_missile_target_lockon6
#remote_missile_target_lockon5,remote_missile_target_lockon5
#remote_missile_target_lockon4,remote_missile_target_lockon4
#remote_missile_target_lockon3,remote_missile_target_lockon3
#remote_missile_target_lockon2,remote_missile_target_lockon2
#remote_missile_target_lockon1,remote_missile_target_lockon1
#remote_missile_target_lockon0,remote_missile_target_lockon0
#insertionpassengerelem,insertionpassengerelem
#mp_revive_prompt_4,mp_revive_prompt_4
#mp_revive_prompt_1,mp_revive_prompt_1
#mp_revive_prompt_2,mp_revive_prompt_2
#mp_revive_prompt_3,mp_revive_prompt_3
#wzaarpopup,wzaarpopup
#remote_missile_target_lockon18,remote_missile_target_lockon18
#remote_missile_target_lockon19,remote_missile_target_lockon19
#remote_missile_target_lockon12,remote_missile_target_lockon12
#remote_missile_target_lockon13,remote_missile_target_lockon13
#remote_missile_target_lockon10,remote_missile_target_lockon10
#remote_missile_target_lockon11,remote_missile_target_lockon11
#remote_missile_target_lockon16,remote_missile_target_lockon16
#remote_missile_target_lockon17,remote_missile_target_lockon17
#remote_missile_target_lockon14,remote_missile_target_lockon14
#remote_missile_target_lockon15,remote_missile_target_lockon15
#remote_missile_targets,remote_missile_targets
#respawn_bar,respawn_bar
#vehicleturretdurability,vehicleturretdurability
#vehicleturretoverheat,vehicleturretoverheat
#revive_hud,revive_hud
#wz_revive_prompt_1,wz_revive_prompt_1
#wz_revive_prompt_2,wz_revive_prompt_2
#wz_revive_prompt_3,wz_revive_prompt_3