key,value
0x1c4d6,zm_towers
0x1c4d6,initial
0x1c4d6,tu0
0x1c4d6,tu0_initial
0x1c4d6,tu1
0x1c4d6,tu1_initial
0x1c4d6,tu2
0x1c4d6,tu2_initial
0x1c4d6,tu3
0x1c4d6,tu3_initial
0x1c4d6,tu4
0x1c4d6,tu4_initial
0x1c4d6,tu5
0x1c4d6,tu5_initial
0x1c4d6,tu6
0x1c4d6,tu6_initial
0x1c4d6,tu7
0x1c4d6,tu7_initial
0x1c4d6,tu8
0x1c4d6,tu8_initial
0x1c4d6,tu9
0x1c4d6,tu9_initial
0x1c4d6,tu10
0x1c4d6,tu10_initial
0x1c4d6,tu11
0x1c4d6,tu11_initial
0x1c4d6,tu12
0x1c4d6,tu12_initial
0x1c4d6,tu13
0x1c4d6,tu13_initial
0x1c4d6,tu14
0x1c4d6,tu14_initial
0x1c4d6,tu15
0x1c4d6,tu15_initial
0x1c4d6,tu16
0x1c4d6,tu16_initial
0x1c4d6,tu17
0x1c4d6,tu17_initial
0x1c4d6,tu18
0x1c4d6,tu18_initial
0x1c4d6,tu19
0x1c4d6,tu19_initial
0x1c4d6,tu20
0x1c4d6,tu20_initial
0x1c4d6,tu21
0x1c4d6,tu21_initial
0x1c4d6,tu22
0x1c4d6,tu22_initial
0x1c4d6,tu23
0x1c4d6,tu23_initial
0x1c4d6,nightly_3375275_initial
0x1c4d6,nightly_3375275_base
0x1c4d6,base
0x1c4d6,core_bootstrap
0x1c4d6,zm_initial
0x1c4d6,zm_common
0x1c4d6,core_ui
0x1c4d6,core_common
0x1c4d6,zm_common_script
0x1c4d6,jpsafe_zm_towers
0x1c4d6,jpsafe_core_bootstrap
0x1c4d6,jpsafe_core_ui
0x1c4d6,jpsafe_core_common
0x1c4d6,jpsafe_zm_common
0x1c4d6,jpsafe_zm_common_script
0x1c4d6,zm_towers_d
0x1c4d6,initial_d
0x1c4d6,tu0_d
0x1c4d6,tu0_initial_d
0x1c4d6,tu1_d
0x1c4d6,tu1_initial_d
0x1c4d6,tu2_d
0x1c4d6,tu2_initial_d
0x1c4d6,tu3_d
0x1c4d6,tu3_initial_d
0x1c4d6,tu4_d
0x1c4d6,tu4_initial_d
0x1c4d6,tu5_d
0x1c4d6,tu5_initial_d
0x1c4d6,tu6_d
0x1c4d6,tu6_initial_d
0x1c4d6,tu7_d
0x1c4d6,tu7_initial_d
0x1c4d6,tu8_d
0x1c4d6,tu8_initial_d
0x1c4d6,tu9_d
0x1c4d6,tu9_initial_d
0x1c4d6,tu10_d
0x1c4d6,tu10_initial_d
0x1c4d6,tu11_d
0x1c4d6,tu11_initial_d
0x1c4d6,tu12_d
0x1c4d6,tu12_initial_d
0x1c4d6,tu13_d
0x1c4d6,tu13_initial_d
0x1c4d6,tu14_d
0x1c4d6,tu14_initial_d
0x1c4d6,tu15_d
0x1c4d6,tu15_initial_d
0x1c4d6,tu16_d
0x1c4d6,tu16_initial_d
0x1c4d6,tu17_d
0x1c4d6,tu17_initial_d
0x1c4d6,tu18_d
0x1c4d6,tu18_initial_d
0x1c4d6,tu19_d
0x1c4d6,tu19_initial_d
0x1c4d6,tu20_d
0x1c4d6,tu20_initial_d
0x1c4d6,tu21_d
0x1c4d6,tu21_initial_d
0x1c4d6,tu22_d
0x1c4d6,tu22_initial_d
0x1c4d6,tu23_d
0x1c4d6,tu23_initial_d
0x1c4d6,nightly_3375275_initial_d
0x1c4d6,nightly_3375275_base_d
0x1c4d6,base_d
0x1c4d6,core_bootstrap_d
0x1c4d6,zm_initial_d
0x1c4d6,zm_common_d
0x1c4d6,core_ui_d
0x1c4d6,core_common_d
0x1c4d6,zm_common_script_d
0x1c4d6,jpsafe_zm_towers_d
0x1c4d6,jpsafe_core_bootstrap_d
0x1c4d6,jpsafe_core_ui_d
0x1c4d6,jpsafe_core_common_d
0x1c4d6,jpsafe_zm_common_d
0x1c4d6,jpsafe_zm_common_script_d
0x20b4e,jpsafe_zm_towers
0x34515,1000
0x3fe33,256
0x435b0,1